ADM0_EN,ADM0_FR,ADM0_RW,ADM0_SW,ADM1_EN,ADM1_FR,ADM1_RW,ADM2_EN,ADM3_EN
Rwanda,Rwanda (le),U Rwanda,Rwanda,Kigali City,Ville de Kigali,Umujyi wa Kigali,Nyarugenge,Gitega
Rwanda,Rwanda (le),U Rwanda,Rwanda,Kigali City,Ville de Kigali,Umujyi wa Kigali,Nyarugenge,Kanyinya
Rwanda,Rwanda (le),U Rwanda,Rwanda,Kigali City,Ville de Kigali,Umujyi wa Kigali,Nyarugenge,Kigali
Rwanda,Rwanda (le),U Rwanda,Rwanda,Kigali City,Ville de Kigali,Umujyi wa Kigali,Nyarugenge,Kimisagara
Rwanda,Rwanda (le),U Rwanda,Rwanda,Kigali City,Ville de Kigali,Umujyi wa Kigali,Nyarugenge,Mageragere
Rwanda,Rwanda (le),U Rwanda,Rwanda,Kigali City,Ville de Kigali,Umujyi wa Kigali,Nyarugenge,Kabagari
Rwanda,Rwanda (le),U Rwanda,Rwanda,Kigali City,Ville de Kigali,Umujyi wa Kigali,Nyarugenge,Rugalika
Rwanda,Rwanda (le),U Rwanda,Rwanda,Kigali City,Ville de Kigali,Umujyi wa Kigali,Nyarugenge,Gishari
Rwanda,Rwanda (le),U Rwanda,Rwanda,Kigali City,Ville de Kigali,Umujyi wa Kigali,Nyarugenge,Nyakiliba
Rwanda,Rwanda (le),U Rwanda,Rwanda,Kigali City,Ville de Kigali,Umujyi wa Kigali,Nyarugenge,Shyorongi
Rwanda,Rwanda (le),U Rwanda,Rwanda,Kigali City,Ville de Kigali,Umujyi wa Kigali,Gasabo,Rusarabuge
Rwanda,Rwanda (le),U Rwanda,Rwanda,Kigali City,Ville de Kigali,Umujyi wa Kigali,Gasabo,Gishari
Rwanda,Rwanda (le),U Rwanda,Rwanda,Kigali City,Ville de Kigali,Umujyi wa Kigali,Gasabo,Nyakariro
Rwanda,Rwanda (le),U Rwanda,Rwanda,Kigali City,Ville de Kigali,Umujyi wa Kigali,Gasabo,Mimuri
Rwanda,Rwanda (le),U Rwanda,Rwanda,Kigali City,Ville de Kigali,Umujyi wa Kigali,Gasabo,Jabana
Rwanda,Rwanda (le),U Rwanda,Rwanda,Kigali City,Ville de Kigali,Umujyi wa Kigali,Gasabo,Jali
Rwanda,Rwanda (le),U Rwanda,Rwanda,Kigali City,Ville de Kigali,Umujyi wa Kigali,Gasabo,Kacyiru
Rwanda,Rwanda (le),U Rwanda,Rwanda,Kigali City,Ville de Kigali,Umujyi wa Kigali,Gasabo,Kimihurura
Rwanda,Rwanda (le),U Rwanda,Rwanda,Kigali City,Ville de Kigali,Umujyi wa Kigali,Gasabo,Kimironko
Rwanda,Rwanda (le),U Rwanda,Rwanda,Kigali City,Ville de Kigali,Umujyi wa Kigali,Gasabo,Kinyinya
Rwanda,Rwanda (le),U Rwanda,Rwanda,Kigali City,Ville de Kigali,Umujyi wa Kigali,Gasabo,Ndera
Rwanda,Rwanda (le),U Rwanda,Rwanda,Kigali City,Ville de Kigali,Umujyi wa Kigali,Gasabo,Nduba
Rwanda,Rwanda (le),U Rwanda,Rwanda,Kigali City,Ville de Kigali,Umujyi wa Kigali,Gasabo,Remera
Rwanda,Rwanda (le),U Rwanda,Rwanda,Kigali City,Ville de Kigali,Umujyi wa Kigali,Gasabo,Rusororo
Rwanda,Rwanda (le),U Rwanda,Rwanda,Kigali City,Ville de Kigali,Umujyi wa Kigali,Gasabo,Rutunga
Rwanda,Rwanda (le),U Rwanda,Rwanda,Kigali City,Ville de Kigali,Umujyi wa Kigali,Kicukiro,Gahanga
Rwanda,Rwanda (le),U Rwanda,Rwanda,Kigali City,Ville de Kigali,Umujyi wa Kigali,Kicukiro,Gatenga
Rwanda,Rwanda (le),U Rwanda,Rwanda,Kigali City,Ville de Kigali,Umujyi wa Kigali,Kicukiro,Gikondo
Rwanda,Rwanda (le),U Rwanda,Rwanda,Kigali City,Ville de Kigali,Umujyi wa Kigali,Kicukiro,Kagarama
Rwanda,Rwanda (le),U Rwanda,Rwanda,Kigali City,Ville de Kigali,Umujyi wa Kigali,Kicukiro,Kanombe
Rwanda,Rwanda (le),U Rwanda,Rwanda,Kigali City,Ville de Kigali,Umujyi wa Kigali,Kicukiro,Kicukiro
Rwanda,Rwanda (le),U Rwanda,Rwanda,Kigali City,Ville de Kigali,Umujyi wa Kigali,Kicukiro,Kigarama
Rwanda,Rwanda (le),U Rwanda,Rwanda,Kigali City,Ville de Kigali,Umujyi wa Kigali,Kicukiro,Masaka
Rwanda,Rwanda (le),U Rwanda,Rwanda,Kigali City,Ville de Kigali,Umujyi wa Kigali,Kicukiro,Niboye
Rwanda,Rwanda (le),U Rwanda,Rwanda,Kigali City,Ville de Kigali,Umujyi wa Kigali,Kicukiro,Nyarugunga
Rwanda,Rwanda (le),U Rwanda,Rwanda,Southern Province,Province du Sud,Amajyepfo,Nyanza,Busasamana
Rwanda,Rwanda (le),U Rwanda,Rwanda,Southern Province,Province du Sud,Amajyepfo,Nyanza,Busoro
Rwanda,Rwanda (le),U Rwanda,Rwanda,Southern Province,Province du Sud,Amajyepfo,Nyanza,Cyabakamyi
Rwanda,Rwanda (le),U Rwanda,Rwanda,Southern Province,Province du Sud,Amajyepfo,Nyanza,Kibilizi
Rwanda,Rwanda (le),U Rwanda,Rwanda,Southern Province,Province du Sud,Amajyepfo,Nyanza,Kigoma
Rwanda,Rwanda (le),U Rwanda,Rwanda,Southern Province,Province du Sud,Amajyepfo,Nyanza,Mukingo
Rwanda,Rwanda (le),U Rwanda,Rwanda,Southern Province,Province du Sud,Amajyepfo,Nyanza,Muyira
Rwanda,Rwanda (le),U Rwanda,Rwanda,Southern Province,Province du Sud,Amajyepfo,Nyanza,Ntyazo
Rwanda,Rwanda (le),U Rwanda,Rwanda,Southern Province,Province du Sud,Amajyepfo,Nyanza,Nyagisozi
Rwanda,Rwanda (le),U Rwanda,Rwanda,Southern Province,Province du Sud,Amajyepfo,Nyanza,Rwabicuma
Rwanda,Rwanda (le),U Rwanda,Rwanda,Southern Province,Province du Sud,Amajyepfo,Gisagara,Gikonko
Rwanda,Rwanda (le),U Rwanda,Rwanda,Southern Province,Province du Sud,Amajyepfo,Gisagara,Gishubi
Rwanda,Rwanda (le),U Rwanda,Rwanda,Southern Province,Province du Sud,Amajyepfo,Gisagara,Kansi
Rwanda,Rwanda (le),U Rwanda,Rwanda,Southern Province,Province du Sud,Amajyepfo,Gisagara,Kibirizi
Rwanda,Rwanda (le),U Rwanda,Rwanda,Southern Province,Province du Sud,Amajyepfo,Gisagara,Kigembe
Rwanda,Rwanda (le),U Rwanda,Rwanda,Southern Province,Province du Sud,Amajyepfo,Gisagara,Mamba
Rwanda,Rwanda (le),U Rwanda,Rwanda,Southern Province,Province du Sud,Amajyepfo,Gisagara,Muganza
Rwanda,Rwanda (le),U Rwanda,Rwanda,Southern Province,Province du Sud,Amajyepfo,Gisagara,Mugombwa
Rwanda,Rwanda (le),U Rwanda,Rwanda,Southern Province,Province du Sud,Amajyepfo,Gisagara,Mukindo
Rwanda,Rwanda (le),U Rwanda,Rwanda,Southern Province,Province du Sud,Amajyepfo,Gisagara,Musha
Rwanda,Rwanda (le),U Rwanda,Rwanda,Southern Province,Province du Sud,Amajyepfo,Gisagara,Ndora
Rwanda,Rwanda (le),U Rwanda,Rwanda,Southern Province,Province du Sud,Amajyepfo,Gisagara,Nyanza
Rwanda,Rwanda (le),U Rwanda,Rwanda,Southern Province,Province du Sud,Amajyepfo,Gisagara,Save
Rwanda,Rwanda (le),U Rwanda,Rwanda,Southern Province,Province du Sud,Amajyepfo,Nyaruguru,Busanze
Rwanda,Rwanda (le),U Rwanda,Rwanda,Southern Province,Province du Sud,Amajyepfo,Nyaruguru,Cyahinda
Rwanda,Rwanda (le),U Rwanda,Rwanda,Southern Province,Province du Sud,Amajyepfo,Nyaruguru,Kibeho
Rwanda,Rwanda (le),U Rwanda,Rwanda,Southern Province,Province du Sud,Amajyepfo,Nyaruguru,Kivu
Rwanda,Rwanda (le),U Rwanda,Rwanda,Southern Province,Province du Sud,Amajyepfo,Nyaruguru,Mata
Rwanda,Rwanda (le),U Rwanda,Rwanda,Southern Province,Province du Sud,Amajyepfo,Nyaruguru,Muganza
Rwanda,Rwanda (le),U Rwanda,Rwanda,Southern Province,Province du Sud,Amajyepfo,Nyaruguru,Munini
Rwanda,Rwanda (le),U Rwanda,Rwanda,Southern Province,Province du Sud,Amajyepfo,Nyaruguru,Ngera
Rwanda,Rwanda (le),U Rwanda,Rwanda,Southern Province,Province du Sud,Amajyepfo,Nyaruguru,Ngoma
Rwanda,Rwanda (le),U Rwanda,Rwanda,Southern Province,Province du Sud,Amajyepfo,Nyaruguru,Nyabimata
Rwanda,Rwanda (le),U Rwanda,Rwanda,Southern Province,Province du Sud,Amajyepfo,Nyaruguru,Nyagisozi
Rwanda,Rwanda (le),U Rwanda,Rwanda,Southern Province,Province du Sud,Amajyepfo,Nyaruguru,Ruheru
Rwanda,Rwanda (le),U Rwanda,Rwanda,Southern Province,Province du Sud,Amajyepfo,Nyaruguru,Ruramba
Rwanda,Rwanda (le),U Rwanda,Rwanda,Southern Province,Province du Sud,Amajyepfo,Nyaruguru,Rusenge
Rwanda,Rwanda (le),U Rwanda,Rwanda,Southern Province,Province du Sud,Amajyepfo,Huye,Gishamvu
Rwanda,Rwanda (le),U Rwanda,Rwanda,Southern Province,Province du Sud,Amajyepfo,Huye,Huye
Rwanda,Rwanda (le),U Rwanda,Rwanda,Southern Province,Province du Sud,Amajyepfo,Huye,Karama
Rwanda,Rwanda (le),U Rwanda,Rwanda,Southern Province,Province du Sud,Amajyepfo,Huye,Kigoma
Rwanda,Rwanda (le),U Rwanda,Rwanda,Southern Province,Province du Sud,Amajyepfo,Huye,Kinazi
Rwanda,Rwanda (le),U Rwanda,Rwanda,Southern Province,Province du Sud,Amajyepfo,Huye,Maraba
Rwanda,Rwanda (le),U Rwanda,Rwanda,Southern Province,Province du Sud,Amajyepfo,Huye,Mbazi
Rwanda,Rwanda (le),U Rwanda,Rwanda,Southern Province,Province du Sud,Amajyepfo,Huye,Mukura
Rwanda,Rwanda (le),U Rwanda,Rwanda,Southern Province,Province du Sud,Amajyepfo,Huye,Ngoma
Rwanda,Rwanda (le),U Rwanda,Rwanda,Southern Province,Province du Sud,Amajyepfo,Huye,Ruhashya
Rwanda,Rwanda (le),U Rwanda,Rwanda,Southern Province,Province du Sud,Amajyepfo,Huye,Rusatira
Rwanda,Rwanda (le),U Rwanda,Rwanda,Southern Province,Province du Sud,Amajyepfo,Huye,Rwaniro
Rwanda,Rwanda (le),U Rwanda,Rwanda,Southern Province,Province du Sud,Amajyepfo,Huye,Simbi
Rwanda,Rwanda (le),U Rwanda,Rwanda,Southern Province,Province du Sud,Amajyepfo,Huye,Tumba
Rwanda,Rwanda (le),U Rwanda,Rwanda,Southern Province,Province du Sud,Amajyepfo,Nyamagabe,Buruhukiro
Rwanda,Rwanda (le),U Rwanda,Rwanda,Southern Province,Province du Sud,Amajyepfo,Nyamagabe,Cyanika
Rwanda,Rwanda (le),U Rwanda,Rwanda,Southern Province,Province du Sud,Amajyepfo,Nyamagabe,Gasaka
Rwanda,Rwanda (le),U Rwanda,Rwanda,Southern Province,Province du Sud,Amajyepfo,Nyamagabe,Gatare
Rwanda,Rwanda (le),U Rwanda,Rwanda,Southern Province,Province du Sud,Amajyepfo,Nyamagabe,Kaduha
Rwanda,Rwanda (le),U Rwanda,Rwanda,Southern Province,Province du Sud,Amajyepfo,Nyamagabe,Kamegeri
Rwanda,Rwanda (le),U Rwanda,Rwanda,Southern Province,Province du Sud,Amajyepfo,Nyamagabe,Kibirizi
Rwanda,Rwanda (le),U Rwanda,Rwanda,Southern Province,Province du Sud,Amajyepfo,Nyamagabe,Kibumbwe
Rwanda,Rwanda (le),U Rwanda,Rwanda,Southern Province,Province du Sud,Amajyepfo,Nyamagabe,Kitabi
Rwanda,Rwanda (le),U Rwanda,Rwanda,Southern Province,Province du Sud,Amajyepfo,Nyamagabe,Mbazi
Rwanda,Rwanda (le),U Rwanda,Rwanda,Southern Province,Province du Sud,Amajyepfo,Nyamagabe,Mugano
Rwanda,Rwanda (le),U Rwanda,Rwanda,Southern Province,Province du Sud,Amajyepfo,Nyamagabe,Musange
Rwanda,Rwanda (le),U Rwanda,Rwanda,Southern Province,Province du Sud,Amajyepfo,Nyamagabe,Musebeya
Rwanda,Rwanda (le),U Rwanda,Rwanda,Southern Province,Province du Sud,Amajyepfo,Nyamagabe,Mushubi
Rwanda,Rwanda (le),U Rwanda,Rwanda,Southern Province,Province du Sud,Amajyepfo,Nyamagabe,Nkomane
Rwanda,Rwanda (le),U Rwanda,Rwanda,Southern Province,Province du Sud,Amajyepfo,Nyamagabe,Tare
Rwanda,Rwanda (le),U Rwanda,Rwanda,Southern Province,Province du Sud,Amajyepfo,Nyamagabe,Uwinkingi
Rwanda,Rwanda (le),U Rwanda,Rwanda,Southern Province,Province du Sud,Amajyepfo,Ruhango,Bweramana
Rwanda,Rwanda (le),U Rwanda,Rwanda,Southern Province,Province du Sud,Amajyepfo,Ruhango,Byimana
Rwanda,Rwanda (le),U Rwanda,Rwanda,Southern Province,Province du Sud,Amajyepfo,Ruhango,Kabagari
Rwanda,Rwanda (le),U Rwanda,Rwanda,Southern Province,Province du Sud,Amajyepfo,Ruhango,Kinazi
Rwanda,Rwanda (le),U Rwanda,Rwanda,Southern Province,Province du Sud,Amajyepfo,Ruhango,Kinihira
Rwanda,Rwanda (le),U Rwanda,Rwanda,Southern Province,Province du Sud,Amajyepfo,Ruhango,Mbuye
Rwanda,Rwanda (le),U Rwanda,Rwanda,Southern Province,Province du Sud,Amajyepfo,Ruhango,Mwendo
Rwanda,Rwanda (le),U Rwanda,Rwanda,Southern Province,Province du Sud,Amajyepfo,Ruhango,Ntongwe
Rwanda,Rwanda (le),U Rwanda,Rwanda,Southern Province,Province du Sud,Amajyepfo,Ruhango,Ruhango
Rwanda,Rwanda (le),U Rwanda,Rwanda,Southern Province,Province du Sud,Amajyepfo,Muhanga,Cyeza
Rwanda,Rwanda (le),U Rwanda,Rwanda,Southern Province,Province du Sud,Amajyepfo,Muhanga,Kabacuzi
Rwanda,Rwanda (le),U Rwanda,Rwanda,Southern Province,Province du Sud,Amajyepfo,Muhanga,Kibangu
Rwanda,Rwanda (le),U Rwanda,Rwanda,Southern Province,Province du Sud,Amajyepfo,Muhanga,Kiyumba
Rwanda,Rwanda (le),U Rwanda,Rwanda,Southern Province,Province du Sud,Amajyepfo,Muhanga,Muhanga
Rwanda,Rwanda (le),U Rwanda,Rwanda,Southern Province,Province du Sud,Amajyepfo,Muhanga,Mushishiro
Rwanda,Rwanda (le),U Rwanda,Rwanda,Southern Province,Province du Sud,Amajyepfo,Muhanga,Nyabinoni
Rwanda,Rwanda (le),U Rwanda,Rwanda,Southern Province,Province du Sud,Amajyepfo,Muhanga,Nyamabuye
Rwanda,Rwanda (le),U Rwanda,Rwanda,Southern Province,Province du Sud,Amajyepfo,Muhanga,Nyarusange
Rwanda,Rwanda (le),U Rwanda,Rwanda,Southern Province,Province du Sud,Amajyepfo,Muhanga,Rongi
Rwanda,Rwanda (le),U Rwanda,Rwanda,Southern Province,Province du Sud,Amajyepfo,Muhanga,Rugendabari
Rwanda,Rwanda (le),U Rwanda,Rwanda,Southern Province,Province du Sud,Amajyepfo,Muhanga,Shyogwe
Rwanda,Rwanda (le),U Rwanda,Rwanda,Southern Province,Province du Sud,Amajyepfo,Kamonyi,Gacurabwenge
Rwanda,Rwanda (le),U Rwanda,Rwanda,Southern Province,Province du Sud,Amajyepfo,Kamonyi,Karama
Rwanda,Rwanda (le),U Rwanda,Rwanda,Southern Province,Province du Sud,Amajyepfo,Kamonyi,Kayenzi
Rwanda,Rwanda (le),U Rwanda,Rwanda,Southern Province,Province du Sud,Amajyepfo,Kamonyi,Kayumbu
Rwanda,Rwanda (le),U Rwanda,Rwanda,Southern Province,Province du Sud,Amajyepfo,Kamonyi,Mugina
Rwanda,Rwanda (le),U Rwanda,Rwanda,Southern Province,Province du Sud,Amajyepfo,Kamonyi,Musambira
Rwanda,Rwanda (le),U Rwanda,Rwanda,Southern Province,Province du Sud,Amajyepfo,Kamonyi,Ngamba
Rwanda,Rwanda (le),U Rwanda,Rwanda,Southern Province,Province du Sud,Amajyepfo,Kamonyi,Nyamiyaga
Rwanda,Rwanda (le),U Rwanda,Rwanda,Southern Province,Province du Sud,Amajyepfo,Kamonyi,Nyarubaka
Rwanda,Rwanda (le),U Rwanda,Rwanda,Southern Province,Province du Sud,Amajyepfo,Kamonyi,Rugarika
Rwanda,Rwanda (le),U Rwanda,Rwanda,Southern Province,Province du Sud,Amajyepfo,Kamonyi,Rukoma
Rwanda,Rwanda (le),U Rwanda,Rwanda,Southern Province,Province du Sud,Amajyepfo,Kamonyi,Runda
Rwanda,Rwanda (le),U Rwanda,Rwanda,Western Province,Province de l'Ouest,Iburengerazuba,Karongi,Bwishyura
Rwanda,Rwanda (le),U Rwanda,Rwanda,Western Province,Province de l'Ouest,Iburengerazuba,Karongi,Gishari
Rwanda,Rwanda (le),U Rwanda,Rwanda,Western Province,Province de l'Ouest,Iburengerazuba,Karongi,Gishyita
Rwanda,Rwanda (le),U Rwanda,Rwanda,Western Province,Province de l'Ouest,Iburengerazuba,Karongi,Gitesi
Rwanda,Rwanda (le),U Rwanda,Rwanda,Western Province,Province de l'Ouest,Iburengerazuba,Karongi,Mubuga
Rwanda,Rwanda (le),U Rwanda,Rwanda,Western Province,Province de l'Ouest,Iburengerazuba,Karongi,Murambi
Rwanda,Rwanda (le),U Rwanda,Rwanda,Western Province,Province de l'Ouest,Iburengerazuba,Karongi,Murundi
Rwanda,Rwanda (le),U Rwanda,Rwanda,Western Province,Province de l'Ouest,Iburengerazuba,Karongi,Mutuntu
Rwanda,Rwanda (le),U Rwanda,Rwanda,Western Province,Province de l'Ouest,Iburengerazuba,Karongi,Rubengera
Rwanda,Rwanda (le),U Rwanda,Rwanda,Western Province,Province de l'Ouest,Iburengerazuba,Karongi,Rugabano
Rwanda,Rwanda (le),U Rwanda,Rwanda,Western Province,Province de l'Ouest,Iburengerazuba,Karongi,Ruganda
Rwanda,Rwanda (le),U Rwanda,Rwanda,Western Province,Province de l'Ouest,Iburengerazuba,Karongi,Rwankuba
Rwanda,Rwanda (le),U Rwanda,Rwanda,Western Province,Province de l'Ouest,Iburengerazuba,Karongi,Twumba
Rwanda,Rwanda (le),U Rwanda,Rwanda,Western Province,Province de l'Ouest,Iburengerazuba,Rutsiro,Boneza
Rwanda,Rwanda (le),U Rwanda,Rwanda,Western Province,Province de l'Ouest,Iburengerazuba,Rutsiro,Gihango
Rwanda,Rwanda (le),U Rwanda,Rwanda,Western Province,Province de l'Ouest,Iburengerazuba,Rutsiro,Kigeyo
Rwanda,Rwanda (le),U Rwanda,Rwanda,Western Province,Province de l'Ouest,Iburengerazuba,Rutsiro,Kivumu
Rwanda,Rwanda (le),U Rwanda,Rwanda,Western Province,Province de l'Ouest,Iburengerazuba,Rutsiro,Manihira
Rwanda,Rwanda (le),U Rwanda,Rwanda,Western Province,Province de l'Ouest,Iburengerazuba,Rutsiro,Mukura
Rwanda,Rwanda (le),U Rwanda,Rwanda,Western Province,Province de l'Ouest,Iburengerazuba,Rutsiro,Murunda
Rwanda,Rwanda (le),U Rwanda,Rwanda,Western Province,Province de l'Ouest,Iburengerazuba,Rutsiro,Musasa
Rwanda,Rwanda (le),U Rwanda,Rwanda,Western Province,Province de l'Ouest,Iburengerazuba,Rutsiro,Mushonyi
Rwanda,Rwanda (le),U Rwanda,Rwanda,Western Province,Province de l'Ouest,Iburengerazuba,Rutsiro,Mushubati
Rwanda,Rwanda (le),U Rwanda,Rwanda,Western Province,Province de l'Ouest,Iburengerazuba,Rutsiro,Nyabirasi
Rwanda,Rwanda (le),U Rwanda,Rwanda,Western Province,Province de l'Ouest,Iburengerazuba,Rutsiro,Ruhango
Rwanda,Rwanda (le),U Rwanda,Rwanda,Western Province,Province de l'Ouest,Iburengerazuba,Rutsiro,Rusebeya
Rwanda,Rwanda (le),U Rwanda,Rwanda,Western Province,Province de l'Ouest,Iburengerazuba,Rubavu,Bugeshi
Rwanda,Rwanda (le),U Rwanda,Rwanda,Western Province,Province de l'Ouest,Iburengerazuba,Rubavu,Busasamana
Rwanda,Rwanda (le),U Rwanda,Rwanda,Western Province,Province de l'Ouest,Iburengerazuba,Rubavu,Cyanzarwe
Rwanda,Rwanda (le),U Rwanda,Rwanda,Western Province,Province de l'Ouest,Iburengerazuba,Rubavu,Gisenyi
Rwanda,Rwanda (le),U Rwanda,Rwanda,Western Province,Province de l'Ouest,Iburengerazuba,Rubavu,Kanama
Rwanda,Rwanda (le),U Rwanda,Rwanda,Western Province,Province de l'Ouest,Iburengerazuba,Rubavu,Kanzenze
Rwanda,Rwanda (le),U Rwanda,Rwanda,Western Province,Province de l'Ouest,Iburengerazuba,Rubavu,Mudende
Rwanda,Rwanda (le),U Rwanda,Rwanda,Western Province,Province de l'Ouest,Iburengerazuba,Rubavu,Nyakiriba
Rwanda,Rwanda (le),U Rwanda,Rwanda,Western Province,Province de l'Ouest,Iburengerazuba,Rubavu,Nyamyumba
Rwanda,Rwanda (le),U Rwanda,Rwanda,Western Province,Province de l'Ouest,Iburengerazuba,Rubavu,Nyundo
Rwanda,Rwanda (le),U Rwanda,Rwanda,Western Province,Province de l'Ouest,Iburengerazuba,Rubavu,Rubavu
Rwanda,Rwanda (le),U Rwanda,Rwanda,Western Province,Province de l'Ouest,Iburengerazuba,Rubavu,Rugerero
Rwanda,Rwanda (le),U Rwanda,Rwanda,Western Province,Province de l'Ouest,Iburengerazuba,Nyabihu,Bigogwe
Rwanda,Rwanda (le),U Rwanda,Rwanda,Western Province,Province de l'Ouest,Iburengerazuba,Nyabihu,Jenda
Rwanda,Rwanda (le),U Rwanda,Rwanda,Western Province,Province de l'Ouest,Iburengerazuba,Nyabihu,Jomba
Rwanda,Rwanda (le),U Rwanda,Rwanda,Western Province,Province de l'Ouest,Iburengerazuba,Nyabihu,Kabatwa
Rwanda,Rwanda (le),U Rwanda,Rwanda,Western Province,Province de l'Ouest,Iburengerazuba,Nyabihu,Karago
Rwanda,Rwanda (le),U Rwanda,Rwanda,Western Province,Province de l'Ouest,Iburengerazuba,Nyabihu,Kintobo
Rwanda,Rwanda (le),U Rwanda,Rwanda,Western Province,Province de l'Ouest,Iburengerazuba,Nyabihu,Mukamira
Rwanda,Rwanda (le),U Rwanda,Rwanda,Western Province,Province de l'Ouest,Iburengerazuba,Nyabihu,Muringa
Rwanda,Rwanda (le),U Rwanda,Rwanda,Western Province,Province de l'Ouest,Iburengerazuba,Nyabihu,Rambura
Rwanda,Rwanda (le),U Rwanda,Rwanda,Western Province,Province de l'Ouest,Iburengerazuba,Nyabihu,Rugera
Rwanda,Rwanda (le),U Rwanda,Rwanda,Western Province,Province de l'Ouest,Iburengerazuba,Nyabihu,Rurembo
Rwanda,Rwanda (le),U Rwanda,Rwanda,Western Province,Province de l'Ouest,Iburengerazuba,Nyabihu,Shyira
Rwanda,Rwanda (le),U Rwanda,Rwanda,Western Province,Province de l'Ouest,Iburengerazuba,Ngororero,Bwira
Rwanda,Rwanda (le),U Rwanda,Rwanda,Western Province,Province de l'Ouest,Iburengerazuba,Ngororero,Gatumba
Rwanda,Rwanda (le),U Rwanda,Rwanda,Western Province,Province de l'Ouest,Iburengerazuba,Ngororero,Hindiro
Rwanda,Rwanda (le),U Rwanda,Rwanda,Western Province,Province de l'Ouest,Iburengerazuba,Ngororero,Kabaya
Rwanda,Rwanda (le),U Rwanda,Rwanda,Western Province,Province de l'Ouest,Iburengerazuba,Ngororero,Kageyo
Rwanda,Rwanda (le),U Rwanda,Rwanda,Western Province,Province de l'Ouest,Iburengerazuba,Ngororero,Kavumu
Rwanda,Rwanda (le),U Rwanda,Rwanda,Western Province,Province de l'Ouest,Iburengerazuba,Ngororero,Matyazo
Rwanda,Rwanda (le),U Rwanda,Rwanda,Western Province,Province de l'Ouest,Iburengerazuba,Ngororero,Muhanda
Rwanda,Rwanda (le),U Rwanda,Rwanda,Western Province,Province de l'Ouest,Iburengerazuba,Ngororero,Muhororo
Rwanda,Rwanda (le),U Rwanda,Rwanda,Western Province,Province de l'Ouest,Iburengerazuba,Ngororero,Ndaro
Rwanda,Rwanda (le),U Rwanda,Rwanda,Western Province,Province de l'Ouest,Iburengerazuba,Ngororero,Ngororero
Rwanda,Rwanda (le),U Rwanda,Rwanda,Western Province,Province de l'Ouest,Iburengerazuba,Ngororero,Nyange
Rwanda,Rwanda (le),U Rwanda,Rwanda,Western Province,Province de l'Ouest,Iburengerazuba,Ngororero,Sovu
Rwanda,Rwanda (le),U Rwanda,Rwanda,Western Province,Province de l'Ouest,Iburengerazuba,Rusizi,Bugarama
Rwanda,Rwanda (le),U Rwanda,Rwanda,Western Province,Province de l'Ouest,Iburengerazuba,Rusizi,Butare
Rwanda,Rwanda (le),U Rwanda,Rwanda,Western Province,Province de l'Ouest,Iburengerazuba,Rusizi,Bweyeye
Rwanda,Rwanda (le),U Rwanda,Rwanda,Western Province,Province de l'Ouest,Iburengerazuba,Rusizi,Gashonga
Rwanda,Rwanda (le),U Rwanda,Rwanda,Western Province,Province de l'Ouest,Iburengerazuba,Rusizi,Giheke
Rwanda,Rwanda (le),U Rwanda,Rwanda,Western Province,Province de l'Ouest,Iburengerazuba,Rusizi,Gihundwe
Rwanda,Rwanda (le),U Rwanda,Rwanda,Western Province,Province de l'Ouest,Iburengerazuba,Rusizi,Gikundamvura
Rwanda,Rwanda (le),U Rwanda,Rwanda,Western Province,Province de l'Ouest,Iburengerazuba,Rusizi,Gitambi
Rwanda,Rwanda (le),U Rwanda,Rwanda,Western Province,Province de l'Ouest,Iburengerazuba,Rusizi,Kamembe
Rwanda,Rwanda (le),U Rwanda,Rwanda,Western Province,Province de l'Ouest,Iburengerazuba,Rusizi,Muganza
Rwanda,Rwanda (le),U Rwanda,Rwanda,Western Province,Province de l'Ouest,Iburengerazuba,Rusizi,Mururu
Rwanda,Rwanda (le),U Rwanda,Rwanda,Western Province,Province de l'Ouest,Iburengerazuba,Rusizi,Nkanka
Rwanda,Rwanda (le),U Rwanda,Rwanda,Western Province,Province de l'Ouest,Iburengerazuba,Rusizi,Nkombo
Rwanda,Rwanda (le),U Rwanda,Rwanda,Western Province,Province de l'Ouest,Iburengerazuba,Rusizi,Nkungu
Rwanda,Rwanda (le),U Rwanda,Rwanda,Western Province,Province de l'Ouest,Iburengerazuba,Rusizi,Nyakabuye
Rwanda,Rwanda (le),U Rwanda,Rwanda,Western Province,Province de l'Ouest,Iburengerazuba,Rusizi,Nyakarenzo
Rwanda,Rwanda (le),U Rwanda,Rwanda,Western Province,Province de l'Ouest,Iburengerazuba,Rusizi,Nzahaha
Rwanda,Rwanda (le),U Rwanda,Rwanda,Western Province,Province de l'Ouest,Iburengerazuba,Rusizi,Rwimbogo
Rwanda,Rwanda (le),U Rwanda,Rwanda,Western Province,Province de l'Ouest,Iburengerazuba,Nyamasheke,Bushekeri
Rwanda,Rwanda (le),U Rwanda,Rwanda,Western Province,Province de l'Ouest,Iburengerazuba,Nyamasheke,Bushenge
Rwanda,Rwanda (le),U Rwanda,Rwanda,Western Province,Province de l'Ouest,Iburengerazuba,Nyamasheke,Cyato
Rwanda,Rwanda (le),U Rwanda,Rwanda,Western Province,Province de l'Ouest,Iburengerazuba,Nyamasheke,Gihombo
Rwanda,Rwanda (le),U Rwanda,Rwanda,Western Province,Province de l'Ouest,Iburengerazuba,Nyamasheke,Kagano
Rwanda,Rwanda (le),U Rwanda,Rwanda,Western Province,Province de l'Ouest,Iburengerazuba,Nyamasheke,Kanjongo
Rwanda,Rwanda (le),U Rwanda,Rwanda,Western Province,Province de l'Ouest,Iburengerazuba,Nyamasheke,Karambi
Rwanda,Rwanda (le),U Rwanda,Rwanda,Western Province,Province de l'Ouest,Iburengerazuba,Nyamasheke,Karengera
Rwanda,Rwanda (le),U Rwanda,Rwanda,Western Province,Province de l'Ouest,Iburengerazuba,Nyamasheke,Kirimbi
Rwanda,Rwanda (le),U Rwanda,Rwanda,Western Province,Province de l'Ouest,Iburengerazuba,Nyamasheke,Macuba
Rwanda,Rwanda (le),U Rwanda,Rwanda,Western Province,Province de l'Ouest,Iburengerazuba,Nyamasheke,Mahembe
Rwanda,Rwanda (le),U Rwanda,Rwanda,Western Province,Province de l'Ouest,Iburengerazuba,Nyamasheke,Nyabitekeri
Rwanda,Rwanda (le),U Rwanda,Rwanda,Western Province,Province de l'Ouest,Iburengerazuba,Nyamasheke,Rangiro
Rwanda,Rwanda (le),U Rwanda,Rwanda,Western Province,Province de l'Ouest,Iburengerazuba,Nyamasheke,Ruharambuga
Rwanda,Rwanda (le),U Rwanda,Rwanda,Western Province,Province de l'Ouest,Iburengerazuba,Nyamasheke,Shangi
Rwanda,Rwanda (le),U Rwanda,Rwanda,Northern Province,Province du Nord,Amajyaruguru,Rulindo,Base
Rwanda,Rwanda (le),U Rwanda,Rwanda,Northern Province,Province du Nord,Amajyaruguru,Rulindo,Burega
Rwanda,Rwanda (le),U Rwanda,Rwanda,Northern Province,Province du Nord,Amajyaruguru,Rulindo,Bushoki
Rwanda,Rwanda (le),U Rwanda,Rwanda,Northern Province,Province du Nord,Amajyaruguru,Rulindo,Buyoga
Rwanda,Rwanda (le),U Rwanda,Rwanda,Northern Province,Province du Nord,Amajyaruguru,Rulindo,Cyinzuzi
Rwanda,Rwanda (le),U Rwanda,Rwanda,Northern Province,Province du Nord,Amajyaruguru,Rulindo,Cyungo
Rwanda,Rwanda (le),U Rwanda,Rwanda,Northern Province,Province du Nord,Amajyaruguru,Rulindo,Kinihira
Rwanda,Rwanda (le),U Rwanda,Rwanda,Northern Province,Province du Nord,Amajyaruguru,Rulindo,Kisaro
Rwanda,Rwanda (le),U Rwanda,Rwanda,Northern Province,Province du Nord,Amajyaruguru,Rulindo,Masoro
Rwanda,Rwanda (le),U Rwanda,Rwanda,Northern Province,Province du Nord,Amajyaruguru,Rulindo,Mbogo
Rwanda,Rwanda (le),U Rwanda,Rwanda,Northern Province,Province du Nord,Amajyaruguru,Rulindo,Murambi
Rwanda,Rwanda (le),U Rwanda,Rwanda,Northern Province,Province du Nord,Amajyaruguru,Rulindo,Ngoma
Rwanda,Rwanda (le),U Rwanda,Rwanda,Northern Province,Province du Nord,Amajyaruguru,Rulindo,Ntarabana
Rwanda,Rwanda (le),U Rwanda,Rwanda,Northern Province,Province du Nord,Amajyaruguru,Rulindo,Rukozo
Rwanda,Rwanda (le),U Rwanda,Rwanda,Northern Province,Province du Nord,Amajyaruguru,Rulindo,Rusiga
Rwanda,Rwanda (le),U Rwanda,Rwanda,Northern Province,Province du Nord,Amajyaruguru,Rulindo,Shyrongi
Rwanda,Rwanda (le),U Rwanda,Rwanda,Northern Province,Province du Nord,Amajyaruguru,Rulindo,Tumba
Rwanda,Rwanda (le),U Rwanda,Rwanda,Northern Province,Province du Nord,Amajyaruguru,Gakenke,Busengo
Rwanda,Rwanda (le),U Rwanda,Rwanda,Northern Province,Province du Nord,Amajyaruguru,Gakenke,Coko
Rwanda,Rwanda (le),U Rwanda,Rwanda,Northern Province,Province du Nord,Amajyaruguru,Gakenke,Cyabingo
Rwanda,Rwanda (le),U Rwanda,Rwanda,Northern Province,Province du Nord,Amajyaruguru,Gakenke,Gakenke
Rwanda,Rwanda (le),U Rwanda,Rwanda,Northern Province,Province du Nord,Amajyaruguru,Gakenke,Gashenyi
Rwanda,Rwanda (le),U Rwanda,Rwanda,Northern Province,Province du Nord,Amajyaruguru,Gakenke,Janja
Rwanda,Rwanda (le),U Rwanda,Rwanda,Northern Province,Province du Nord,Amajyaruguru,Gakenke,Kamubuga
Rwanda,Rwanda (le),U Rwanda,Rwanda,Northern Province,Province du Nord,Amajyaruguru,Gakenke,Karambo
Rwanda,Rwanda (le),U Rwanda,Rwanda,Northern Province,Province du Nord,Amajyaruguru,Gakenke,Kivuruga
Rwanda,Rwanda (le),U Rwanda,Rwanda,Northern Province,Province du Nord,Amajyaruguru,Gakenke,Mataba
Rwanda,Rwanda (le),U Rwanda,Rwanda,Northern Province,Province du Nord,Amajyaruguru,Gakenke,Minazi
Rwanda,Rwanda (le),U Rwanda,Rwanda,Northern Province,Province du Nord,Amajyaruguru,Gakenke,Mugunga
Rwanda,Rwanda (le),U Rwanda,Rwanda,Northern Province,Province du Nord,Amajyaruguru,Gakenke,Muhondo
Rwanda,Rwanda (le),U Rwanda,Rwanda,Northern Province,Province du Nord,Amajyaruguru,Gakenke,Muyongwe
Rwanda,Rwanda (le),U Rwanda,Rwanda,Northern Province,Province du Nord,Amajyaruguru,Gakenke,Muzo
Rwanda,Rwanda (le),U Rwanda,Rwanda,Northern Province,Province du Nord,Amajyaruguru,Gakenke,Nemba
Rwanda,Rwanda (le),U Rwanda,Rwanda,Northern Province,Province du Nord,Amajyaruguru,Gakenke,Ruli
Rwanda,Rwanda (le),U Rwanda,Rwanda,Northern Province,Province du Nord,Amajyaruguru,Gakenke,Rusasa
Rwanda,Rwanda (le),U Rwanda,Rwanda,Northern Province,Province du Nord,Amajyaruguru,Gakenke,Rushashi
Rwanda,Rwanda (le),U Rwanda,Rwanda,Northern Province,Province du Nord,Amajyaruguru,Musanze,Busogo
Rwanda,Rwanda (le),U Rwanda,Rwanda,Northern Province,Province du Nord,Amajyaruguru,Musanze,Cyuve
Rwanda,Rwanda (le),U Rwanda,Rwanda,Northern Province,Province du Nord,Amajyaruguru,Musanze,Gacaca
Rwanda,Rwanda (le),U Rwanda,Rwanda,Northern Province,Province du Nord,Amajyaruguru,Musanze,Gashaki
Rwanda,Rwanda (le),U Rwanda,Rwanda,Northern Province,Province du Nord,Amajyaruguru,Musanze,Gataraga
Rwanda,Rwanda (le),U Rwanda,Rwanda,Northern Province,Province du Nord,Amajyaruguru,Musanze,Kimonyi
Rwanda,Rwanda (le),U Rwanda,Rwanda,Northern Province,Province du Nord,Amajyaruguru,Musanze,Kinigi
Rwanda,Rwanda (le),U Rwanda,Rwanda,Northern Province,Province du Nord,Amajyaruguru,Musanze,Muhoza
Rwanda,Rwanda (le),U Rwanda,Rwanda,Northern Province,Province du Nord,Amajyaruguru,Musanze,Muko
Rwanda,Rwanda (le),U Rwanda,Rwanda,Northern Province,Province du Nord,Amajyaruguru,Musanze,Musanze
Rwanda,Rwanda (le),U Rwanda,Rwanda,Northern Province,Province du Nord,Amajyaruguru,Musanze,Nkotsi
Rwanda,Rwanda (le),U Rwanda,Rwanda,Northern Province,Province du Nord,Amajyaruguru,Musanze,Nyange
Rwanda,Rwanda (le),U Rwanda,Rwanda,Northern Province,Province du Nord,Amajyaruguru,Musanze,Remera
Rwanda,Rwanda (le),U Rwanda,Rwanda,Northern Province,Province du Nord,Amajyaruguru,Musanze,Rwaza
Rwanda,Rwanda (le),U Rwanda,Rwanda,Northern Province,Province du Nord,Amajyaruguru,Musanze,Shingiro
Rwanda,Rwanda (le),U Rwanda,Rwanda,Northern Province,Province du Nord,Amajyaruguru,Burera,Bungwe
Rwanda,Rwanda (le),U Rwanda,Rwanda,Northern Province,Province du Nord,Amajyaruguru,Burera,Butaro
Rwanda,Rwanda (le),U Rwanda,Rwanda,Northern Province,Province du Nord,Amajyaruguru,Burera,Cyanika
Rwanda,Rwanda (le),U Rwanda,Rwanda,Northern Province,Province du Nord,Amajyaruguru,Burera,Cyeru
Rwanda,Rwanda (le),U Rwanda,Rwanda,Northern Province,Province du Nord,Amajyaruguru,Burera,Gahunga
Rwanda,Rwanda (le),U Rwanda,Rwanda,Northern Province,Province du Nord,Amajyaruguru,Burera,Gatebe
Rwanda,Rwanda (le),U Rwanda,Rwanda,Northern Province,Province du Nord,Amajyaruguru,Burera,Gitovu
Rwanda,Rwanda (le),U Rwanda,Rwanda,Northern Province,Province du Nord,Amajyaruguru,Burera,Kagogo
Rwanda,Rwanda (le),U Rwanda,Rwanda,Northern Province,Province du Nord,Amajyaruguru,Burera,Kinoni
Rwanda,Rwanda (le),U Rwanda,Rwanda,Northern Province,Province du Nord,Amajyaruguru,Burera,Kinyababa
Rwanda,Rwanda (le),U Rwanda,Rwanda,Northern Province,Province du Nord,Amajyaruguru,Burera,Kivuye
Rwanda,Rwanda (le),U Rwanda,Rwanda,Northern Province,Province du Nord,Amajyaruguru,Burera,Nemba
Rwanda,Rwanda (le),U Rwanda,Rwanda,Northern Province,Province du Nord,Amajyaruguru,Burera,Rugarama
Rwanda,Rwanda (le),U Rwanda,Rwanda,Northern Province,Province du Nord,Amajyaruguru,Burera,Rugengabari
Rwanda,Rwanda (le),U Rwanda,Rwanda,Northern Province,Province du Nord,Amajyaruguru,Burera,Ruhunde
Rwanda,Rwanda (le),U Rwanda,Rwanda,Northern Province,Province du Nord,Amajyaruguru,Burera,Rusarabuye
Rwanda,Rwanda (le),U Rwanda,Rwanda,Northern Province,Province du Nord,Amajyaruguru,Burera,Rwerere
Rwanda,Rwanda (le),U Rwanda,Rwanda,Northern Province,Province du Nord,Amajyaruguru,Gicumbi,Bukure
Rwanda,Rwanda (le),U Rwanda,Rwanda,Northern Province,Province du Nord,Amajyaruguru,Gicumbi,Bwisige
Rwanda,Rwanda (le),U Rwanda,Rwanda,Northern Province,Province du Nord,Amajyaruguru,Gicumbi,Byumba
Rwanda,Rwanda (le),U Rwanda,Rwanda,Northern Province,Province du Nord,Amajyaruguru,Gicumbi,Cyumba
Rwanda,Rwanda (le),U Rwanda,Rwanda,Northern Province,Province du Nord,Amajyaruguru,Gicumbi,Giti
Rwanda,Rwanda (le),U Rwanda,Rwanda,Northern Province,Province du Nord,Amajyaruguru,Gicumbi,Kageyo
Rwanda,Rwanda (le),U Rwanda,Rwanda,Northern Province,Province du Nord,Amajyaruguru,Gicumbi,Kaniga
Rwanda,Rwanda (le),U Rwanda,Rwanda,Northern Province,Province du Nord,Amajyaruguru,Gicumbi,Manyagiro
Rwanda,Rwanda (le),U Rwanda,Rwanda,Northern Province,Province du Nord,Amajyaruguru,Gicumbi,Miyove
Rwanda,Rwanda (le),U Rwanda,Rwanda,Northern Province,Province du Nord,Amajyaruguru,Gicumbi,Mukarange
Rwanda,Rwanda (le),U Rwanda,Rwanda,Northern Province,Province du Nord,Amajyaruguru,Gicumbi,Muko
Rwanda,Rwanda (le),U Rwanda,Rwanda,Northern Province,Province du Nord,Amajyaruguru,Gicumbi,Mutete
Rwanda,Rwanda (le),U Rwanda,Rwanda,Northern Province,Province du Nord,Amajyaruguru,Gicumbi,Nyamiyaga
Rwanda,Rwanda (le),U Rwanda,Rwanda,Northern Province,Province du Nord,Amajyaruguru,Gicumbi,Nyankenke
Rwanda,Rwanda (le),U Rwanda,Rwanda,Northern Province,Province du Nord,Amajyaruguru,Gicumbi,Rubaya
Rwanda,Rwanda (le),U Rwanda,Rwanda,Northern Province,Province du Nord,Amajyaruguru,Gicumbi,Rukomo
Rwanda,Rwanda (le),U Rwanda,Rwanda,Northern Province,Province du Nord,Amajyaruguru,Gicumbi,Rushaki
Rwanda,Rwanda (le),U Rwanda,Rwanda,Northern Province,Province du Nord,Amajyaruguru,Gicumbi,Rutare
Rwanda,Rwanda (le),U Rwanda,Rwanda,Northern Province,Province du Nord,Amajyaruguru,Gicumbi,Ruvune
Rwanda,Rwanda (le),U Rwanda,Rwanda,Northern Province,Province du Nord,Amajyaruguru,Gicumbi,Rwamiko
Rwanda,Rwanda (le),U Rwanda,Rwanda,Northern Province,Province du Nord,Amajyaruguru,Gicumbi,Shangasha
Rwanda,Rwanda (le),U Rwanda,Rwanda,Eastern Province,Province de l'Est,Iburasirazuba,Rwamagana,Fumbwe
Rwanda,Rwanda (le),U Rwanda,Rwanda,Eastern Province,Province de l'Est,Iburasirazuba,Rwamagana,Gahengeri
Rwanda,Rwanda (le),U Rwanda,Rwanda,Eastern Province,Province de l'Est,Iburasirazuba,Rwamagana,Gishali
Rwanda,Rwanda (le),U Rwanda,Rwanda,Eastern Province,Province de l'Est,Iburasirazuba,Rwamagana,Karenge
Rwanda,Rwanda (le),U Rwanda,Rwanda,Eastern Province,Province de l'Est,Iburasirazuba,Rwamagana,Kigabiro
Rwanda,Rwanda (le),U Rwanda,Rwanda,Eastern Province,Province de l'Est,Iburasirazuba,Rwamagana,Muhazi
Rwanda,Rwanda (le),U Rwanda,Rwanda,Eastern Province,Province de l'Est,Iburasirazuba,Rwamagana,Munyaga
Rwanda,Rwanda (le),U Rwanda,Rwanda,Eastern Province,Province de l'Est,Iburasirazuba,Rwamagana,Munyiginya
Rwanda,Rwanda (le),U Rwanda,Rwanda,Eastern Province,Province de l'Est,Iburasirazuba,Rwamagana,Musha
Rwanda,Rwanda (le),U Rwanda,Rwanda,Eastern Province,Province de l'Est,Iburasirazuba,Rwamagana,Muyumbu
Rwanda,Rwanda (le),U Rwanda,Rwanda,Eastern Province,Province de l'Est,Iburasirazuba,Rwamagana,Mwulire
Rwanda,Rwanda (le),U Rwanda,Rwanda,Eastern Province,Province de l'Est,Iburasirazuba,Rwamagana,Nyakariro
Rwanda,Rwanda (le),U Rwanda,Rwanda,Eastern Province,Province de l'Est,Iburasirazuba,Rwamagana,Nzige
Rwanda,Rwanda (le),U Rwanda,Rwanda,Eastern Province,Province de l'Est,Iburasirazuba,Rwamagana,Rubona
Rwanda,Rwanda (le),U Rwanda,Rwanda,Eastern Province,Province de l'Est,Iburasirazuba,Nyagatare,Gatunda
Rwanda,Rwanda (le),U Rwanda,Rwanda,Eastern Province,Province de l'Est,Iburasirazuba,Nyagatare,Karama
Rwanda,Rwanda (le),U Rwanda,Rwanda,Eastern Province,Province de l'Est,Iburasirazuba,Nyagatare,Karangazi
Rwanda,Rwanda (le),U Rwanda,Rwanda,Eastern Province,Province de l'Est,Iburasirazuba,Nyagatare,Katabagemu
Rwanda,Rwanda (le),U Rwanda,Rwanda,Eastern Province,Province de l'Est,Iburasirazuba,Nyagatare,Kiyombe
Rwanda,Rwanda (le),U Rwanda,Rwanda,Eastern Province,Province de l'Est,Iburasirazuba,Nyagatare,Matimba
Rwanda,Rwanda (le),U Rwanda,Rwanda,Eastern Province,Province de l'Est,Iburasirazuba,Nyagatare,Mimuri
Rwanda,Rwanda (le),U Rwanda,Rwanda,Eastern Province,Province de l'Est,Iburasirazuba,Nyagatare,Mukama
Rwanda,Rwanda (le),U Rwanda,Rwanda,Eastern Province,Province de l'Est,Iburasirazuba,Nyagatare,Musheri
Rwanda,Rwanda (le),U Rwanda,Rwanda,Eastern Province,Province de l'Est,Iburasirazuba,Nyagatare,Nyagatare
Rwanda,Rwanda (le),U Rwanda,Rwanda,Eastern Province,Province de l'Est,Iburasirazuba,Nyagatare,Rukomo
Rwanda,Rwanda (le),U Rwanda,Rwanda,Eastern Province,Province de l'Est,Iburasirazuba,Nyagatare,Rwempasha
Rwanda,Rwanda (le),U Rwanda,Rwanda,Eastern Province,Province de l'Est,Iburasirazuba,Nyagatare,Rwimiyaga
Rwanda,Rwanda (le),U Rwanda,Rwanda,Eastern Province,Province de l'Est,Iburasirazuba,Nyagatare,Tabagwe
Rwanda,Rwanda (le),U Rwanda,Rwanda,Eastern Province,Province de l'Est,Iburasirazuba,Gatsibo,Gasange
Rwanda,Rwanda (le),U Rwanda,Rwanda,Eastern Province,Province de l'Est,Iburasirazuba,Gatsibo,Gatsibo
Rwanda,Rwanda (le),U Rwanda,Rwanda,Eastern Province,Province de l'Est,Iburasirazuba,Gatsibo,Gitoki
Rwanda,Rwanda (le),U Rwanda,Rwanda,Eastern Province,Province de l'Est,Iburasirazuba,Gatsibo,Kabarore
Rwanda,Rwanda (le),U Rwanda,Rwanda,Eastern Province,Province de l'Est,Iburasirazuba,Gatsibo,Kageyo
Rwanda,Rwanda (le),U Rwanda,Rwanda,Eastern Province,Province de l'Est,Iburasirazuba,Gatsibo,Kiramuruzi
Rwanda,Rwanda (le),U Rwanda,Rwanda,Eastern Province,Province de l'Est,Iburasirazuba,Gatsibo,Kiziguro
Rwanda,Rwanda (le),U Rwanda,Rwanda,Eastern Province,Province de l'Est,Iburasirazuba,Gatsibo,Muhura
Rwanda,Rwanda (le),U Rwanda,Rwanda,Eastern Province,Province de l'Est,Iburasirazuba,Gatsibo,Murambi
Rwanda,Rwanda (le),U Rwanda,Rwanda,Eastern Province,Province de l'Est,Iburasirazuba,Gatsibo,Ngarama
Rwanda,Rwanda (le),U Rwanda,Rwanda,Eastern Province,Province de l'Est,Iburasirazuba,Gatsibo,Nyagihanga
Rwanda,Rwanda (le),U Rwanda,Rwanda,Eastern Province,Province de l'Est,Iburasirazuba,Gatsibo,Remera
Rwanda,Rwanda (le),U Rwanda,Rwanda,Eastern Province,Province de l'Est,Iburasirazuba,Gatsibo,Rugarama
Rwanda,Rwanda (le),U Rwanda,Rwanda,Eastern Province,Province de l'Est,Iburasirazuba,Gatsibo,Rwimbogo
Rwanda,Rwanda (le),U Rwanda,Rwanda,Eastern Province,Province de l'Est,Iburasirazuba,Kayonza,Gahini
Rwanda,Rwanda (le),U Rwanda,Rwanda,Eastern Province,Province de l'Est,Iburasirazuba,Kayonza,Kabare
Rwanda,Rwanda (le),U Rwanda,Rwanda,Eastern Province,Province de l'Est,Iburasirazuba,Kayonza,Kabarondo
Rwanda,Rwanda (le),U Rwanda,Rwanda,Eastern Province,Province de l'Est,Iburasirazuba,Kayonza,Mukarange
Rwanda,Rwanda (le),U Rwanda,Rwanda,Eastern Province,Province de l'Est,Iburasirazuba,Kayonza,Murama
Rwanda,Rwanda (le),U Rwanda,Rwanda,Eastern Province,Province de l'Est,Iburasirazuba,Kayonza,Murundi
Rwanda,Rwanda (le),U Rwanda,Rwanda,Eastern Province,Province de l'Est,Iburasirazuba,Kayonza,Mwiri
Rwanda,Rwanda (le),U Rwanda,Rwanda,Eastern Province,Province de l'Est,Iburasirazuba,Kayonza,Ndego
Rwanda,Rwanda (le),U Rwanda,Rwanda,Eastern Province,Province de l'Est,Iburasirazuba,Kayonza,Nyamirama
Rwanda,Rwanda (le),U Rwanda,Rwanda,Eastern Province,Province de l'Est,Iburasirazuba,Kayonza,Rukara
Rwanda,Rwanda (le),U Rwanda,Rwanda,Eastern Province,Province de l'Est,Iburasirazuba,Kayonza,Ruramira
Rwanda,Rwanda (le),U Rwanda,Rwanda,Eastern Province,Province de l'Est,Iburasirazuba,Kayonza,Rwinkwavu
Rwanda,Rwanda (le),U Rwanda,Rwanda,Eastern Province,Province de l'Est,Iburasirazuba,Kirehe,Gahara
Rwanda,Rwanda (le),U Rwanda,Rwanda,Eastern Province,Province de l'Est,Iburasirazuba,Kirehe,Gatore
Rwanda,Rwanda (le),U Rwanda,Rwanda,Eastern Province,Province de l'Est,Iburasirazuba,Kirehe,Kigarama
Rwanda,Rwanda (le),U Rwanda,Rwanda,Eastern Province,Province de l'Est,Iburasirazuba,Kirehe,Kigina
Rwanda,Rwanda (le),U Rwanda,Rwanda,Eastern Province,Province de l'Est,Iburasirazuba,Kirehe,Kirehe
Rwanda,Rwanda (le),U Rwanda,Rwanda,Eastern Province,Province de l'Est,Iburasirazuba,Kirehe,Mahama
Rwanda,Rwanda (le),U Rwanda,Rwanda,Eastern Province,Province de l'Est,Iburasirazuba,Kirehe,Mpanga
Rwanda,Rwanda (le),U Rwanda,Rwanda,Eastern Province,Province de l'Est,Iburasirazuba,Kirehe,Musaza
Rwanda,Rwanda (le),U Rwanda,Rwanda,Eastern Province,Province de l'Est,Iburasirazuba,Kirehe,Mushikiri
Rwanda,Rwanda (le),U Rwanda,Rwanda,Eastern Province,Province de l'Est,Iburasirazuba,Kirehe,Nasho
Rwanda,Rwanda (le),U Rwanda,Rwanda,Eastern Province,Province de l'Est,Iburasirazuba,Kirehe,Nyamugari
Rwanda,Rwanda (le),U Rwanda,Rwanda,Eastern Province,Province de l'Est,Iburasirazuba,Kirehe,Nyarubuye
Rwanda,Rwanda (le),U Rwanda,Rwanda,Eastern Province,Province de l'Est,Iburasirazuba,Ngoma,Gashanda
Rwanda,Rwanda (le),U Rwanda,Rwanda,Eastern Province,Province de l'Est,Iburasirazuba,Ngoma,Jarama
Rwanda,Rwanda (le),U Rwanda,Rwanda,Eastern Province,Province de l'Est,Iburasirazuba,Ngoma,Karembo
Rwanda,Rwanda (le),U Rwanda,Rwanda,Eastern Province,Province de l'Est,Iburasirazuba,Ngoma,Kazo
Rwanda,Rwanda (le),U Rwanda,Rwanda,Eastern Province,Province de l'Est,Iburasirazuba,Ngoma,Kibungo
Rwanda,Rwanda (le),U Rwanda,Rwanda,Eastern Province,Province de l'Est,Iburasirazuba,Ngoma,Mugesera
Rwanda,Rwanda (le),U Rwanda,Rwanda,Eastern Province,Province de l'Est,Iburasirazuba,Ngoma,Murama
Rwanda,Rwanda (le),U Rwanda,Rwanda,Eastern Province,Province de l'Est,Iburasirazuba,Ngoma,Mutenderi
Rwanda,Rwanda (le),U Rwanda,Rwanda,Eastern Province,Province de l'Est,Iburasirazuba,Ngoma,Remera
Rwanda,Rwanda (le),U Rwanda,Rwanda,Eastern Province,Province de l'Est,Iburasirazuba,Ngoma,Rukira
Rwanda,Rwanda (le),U Rwanda,Rwanda,Eastern Province,Province de l'Est,Iburasirazuba,Ngoma,Rukumberi
Rwanda,Rwanda (le),U Rwanda,Rwanda,Eastern Province,Province de l'Est,Iburasirazuba,Ngoma,Rurenge
Rwanda,Rwanda (le),U Rwanda,Rwanda,Eastern Province,Province de l'Est,Iburasirazuba,Ngoma,Sake
Rwanda,Rwanda (le),U Rwanda,Rwanda,Eastern Province,Province de l'Est,Iburasirazuba,Ngoma,Zaza
Rwanda,Rwanda (le),U Rwanda,Rwanda,Eastern Province,Province de l'Est,Iburasirazuba,Bugesera,Gashora
Rwanda,Rwanda (le),U Rwanda,Rwanda,Eastern Province,Province de l'Est,Iburasirazuba,Bugesera,Juru
Rwanda,Rwanda (le),U Rwanda,Rwanda,Eastern Province,Province de l'Est,Iburasirazuba,Bugesera,Kamabuye
Rwanda,Rwanda (le),U Rwanda,Rwanda,Eastern Province,Province de l'Est,Iburasirazuba,Bugesera,Mareba
Rwanda,Rwanda (le),U Rwanda,Rwanda,Eastern Province,Province de l'Est,Iburasirazuba,Bugesera,Mayange
Rwanda,Rwanda (le),U Rwanda,Rwanda,Eastern Province,Province de l'Est,Iburasirazuba,Bugesera,Musenyi
Rwanda,Rwanda (le),U Rwanda,Rwanda,Eastern Province,Province de l'Est,Iburasirazuba,Bugesera,Mwogo
Rwanda,Rwanda (le),U Rwanda,Rwanda,Eastern Province,Province de l'Est,Iburasirazuba,Bugesera,Ngeruka
Rwanda,Rwanda (le),U Rwanda,Rwanda,Eastern Province,Province de l'Est,Iburasirazuba,Bugesera,Ntarama
Rwanda,Rwanda (le),U Rwanda,Rwanda,Eastern Province,Province de l'Est,Iburasirazuba,Bugesera,Nyamata
Rwanda,Rwanda (le),U Rwanda,Rwanda,Eastern Province,Province de l'Est,Iburasirazuba,Bugesera,Nyarugenge
Rwanda,Rwanda (le),U Rwanda,Rwanda,Eastern Province,Province de l'Est,Iburasirazuba,Bugesera,Rilima
Rwanda,Rwanda (le),U Rwanda,Rwanda,Eastern Province,Province de l'Est,Iburasirazuba,Bugesera,Ruhuha
Rwanda,Rwanda (le),U Rwanda,Rwanda,Eastern Province,Province de l'Est,Iburasirazuba,Bugesera,Rweru
Rwanda,Rwanda (le),U Rwanda,Rwanda,Eastern Province,Province de l'Est,Iburasirazuba,Bugesera,Shyara